Workbook

Sheet Test Cases
A1: Test Case ID | B1: Requirement ID | C1: Module | D1: Feature / Scenario | E1: Test Type | F1: Test Technique | G1: Priority | H1: Severity | I1: Preconditions | J1: Test Data / Action | K1: Expected Result | L1: Actual Result | M1: Status | N1: Evidence
A2: TC001 | B2: REQ-GFG-HOME-01 | C2: Homepage | D2: Homepage availability | E2: System | F2: Black-Box | G2: High | H2: Major | I2: Browser open; internet available | J2: Open https://www.geeksforgeeks.org/ | K2: Homepage loads with title 'GeeksforGeeks | Your All-in-One Learning Portal'; header navigation and Explore/Courses sections are visible | L2: Not executed - to be recorded by tester | M2: NOT EXECUTED | N2: SS01 (Figure 1)
A3: TC002 | B3: REQ-GFG-NAV-01 | C3: Navigation | D3: Header navigation link | E3: System | F3: Black-Box | G3: High | H3: Major | I3: Homepage displayed | J3: Click 'Python' in the header navigation | K3: Python tutorial page opens (/python/python-programming-language-tutorial/) | L3: Not executed - to be recorded by tester | M3: NOT EXECUTED | N3: SS02 (Figure 2)
A4: TC003 | B4: REQ-GFG-SRCH-01 | C4: Search | D4: Search with valid keyword | E4: System | F4: Black-Box | G4: High | H4: Major | I4: Homepage displayed; search control accessible | J4: Open search; enter 'binary search'; submit | K4: Search results relevant to 'binary search' are displayed | L4: Not executed - to be recorded by tester | M4: NOT EXECUTED | N4: SS03 (Figure 3)
A5: TC004 | B5: REQ-GFG-SRCH-02 | C5: Search | D5: Search with no-match keyword | E5: System | F5: Black-Box | G5: Medium | H5: Minor | I5: Homepage displayed; search control accessible | J5: Open search; enter 'zzqxv98765'; submit | K5: No-result / empty state is shown without an error page | L5: Not executed - to be recorded by tester | M5: NOT EXECUTED | N5: SS13 (Figure 13)
A6: TC005 | B6: REQ-GFG-AUTH-01 | C6: Sign In | D6: Invalid sign-in input validation | E6: System | F6: Black-Box | G6: High | H6: Major | I6: Sign-in control accessible (to be confirmed) | J6: Open sign-in; submit empty fields or malformed e-mail 'abc@'; no CAPTCHA/access-control bypass | K6: Validation message displayed and sign-in is not allowed | L6: Not executed - to be recorded by tester | M6: NOT EXECUTED | N6: SS09, SS10 (Figures 9-10)
A7: TC006 | B7: REQ-GFG-WB-01 | C7: Illustrative Verdict Checker | D7: True branch / if-condition | E7: Unit | F7: White-Box | G7: High | H7: Major | I7: Python installed; gfg_verdict_checker.py available | J7: expected=15; submitted=15 | K7: Verdict: Accepted / Result: All test cases passed | L7: True branch executed; printed 'Verdict: Accepted' and 'Result: All test cases passed' | M7: PASS | N7: Console output (Section 13); SS12 (Figure 12) pending
A8: TC007 | B8: REQ-GFG-WB-02 | C8: Illustrative Verdict Checker | D8: False branch / else-condition | E8: Unit | F8: White-Box | G8: High | H8: Major | I8: Python installed; gfg_verdict_checker.py available | J8: expected=15; submitted=14 | K8: Verdict: Wrong Answer / Result: Output does not match expected output | L8: Else branch executed; printed 'Verdict: Wrong Answer' and 'Result: Output does not match expected output' | M8: PASS | N8: Console output (Section 13); SS12 (Figure 12) pending
A9: TC008 | B9: REQ-GFG-WB-03 | C9: Illustrative Verdict Checker | D9: Statement execution | E9: Unit | F9: White-Box | G9: Medium | H9: Minor | I9: Python installed; coverage.py available | J9: Run both paths (15/15 and 15/14) under coverage.py | K9: All 7 executable statements and both branches execute across the two runs | L9: coverage.py: 7/7 statements, 2/2 branches (100%) for both runs combined; each single-path run gave 67% (true-only misses lines 12-13; false-only misses lines 9-10) | M9: PASS | N9: Console output (Section 13); SS12 (Figure 12) pending
A10: TC009 | B10: REQ-GFG-INT-01 | C10: Homepage -> Practice | D10: Module communication | E10: Integration | F10: Black-Box | G10: High | H10: Major | I10: Homepage displayed | J10: Click 'Practice Problems' in header navigation (links to /explore) | K10: 'Explore & Practice' listing opens with problem list and Topic/Difficulty/Company/Sort controls | L10: Not executed - to be recorded by tester | M10: NOT EXECUTED | N10: SS05, SS11 (Figures 5, 11)
A11: TC010 | B11: REQ-GFG-INT-02 | C11: Practice -> Problem Details | D11: Listing to problem details | E11: Integration | F11: Black-Box | G11: High | H11: Major | I11: Practice listing displayed | J11: Select any problem from the list | K11: Problem details page opens showing the problem statement | L11: Not executed - to be recorded by tester | M11: NOT EXECUTED | N11: SS06, SS11 (Figures 6, 11)
A12: TC011 | B12: REQ-GFG-SYS-01 | C12: Tutorials | D12: Tutorial article display | E12: System | F12: Black-Box | G12: High | H12: Major | I12: Python tutorial page reachable | J12: Open the Python tutorial page and scroll | K12: Article title, headings and body content are displayed | L12: Not executed - to be recorded by tester | M12: NOT EXECUTED | N12: SS04 (Figure 4)
... A15: TC014 | B15: REQ-GFG-SYS-04 | C15: Code Execution | D15: Run code and view result | E15: System | F15: Black-Box | G15: Medium | H15: Major | I15: Code editor displayed | J15: Enter simple code; use Run only (no Submit if login is required) | K15: Execution result / output panel is displayed; if a login or other restriction prevents it, record BLOCKED | L15: Not executed - to be recorded by tester | M15: NOT EXECUTED | N15: SS08 (Figure 8)

Sheet Execution
A1: Step No. | B1: Test Case ID | C1: Test Step | D1: Input / Action | E1: Expected Result | F1: Actual Result | G1: Status | H1: Evidence
A2: 1 | B2: TC001 | C2: Launch GeeksforGeeks homepage | D2: Open https://www.geeksforgeeks.org/ | E2: Homepage displayed | F2: =INDEX('Test Cases'!$L$2:$L$15,MATCH(B2,'Test Cases'!$A$2:$A$15,0)) -> Not executed - to be recorded by tester | G2: =INDEX('Test Cases'!$M$2:$M$15,MATCH(B2,'Test Cases'!$A$2:$A$15,0)) -> NOT EXECUTED | H2: SS01
A3: 2 | B3: TC002 | C3: Open Python tutorial via header navigation | D3: Click 'Python' | E3: Python tutorial page opens | F3: =INDEX('Test Cases'!$L$2:$L$15,MATCH(B3,'Test Cases'!$A$2:$A$15,0)) -> Not executed - to be recorded by tester | G3: =INDEX('Test Cases'!$M$2:$M$15,MATCH(B3,'Test Cases'!$A$2:$A$15,0)) -> NOT EXECUTED | H3: SS02
A4: 3 | B4: TC011 | C4: Check tutorial article content | D4: Scroll the Python tutorial page | E4: Article content displayed | F4: =INDEX('Test Cases'!$L$2:$L$15,MATCH(B4,'Test Cases'!$A$2:$A$15,0)) -> Not executed - to be recorded by tester | G4: =INDEX('Test Cases'!$M$2:$M$15,MATCH(B4,'Test Cases'!$A$2:$A$15,0)) -> NOT EXECUTED | H4: SS04
A5: 4 | B5: TC003 | C5: Search with valid keyword | D5: binary search | E5: Relevant results displayed | F5: =INDEX('Test Cases'!$L$2:$L$15,MATCH(B5,'Test Cases'!$A$2:$A$15,0)) -> Not executed - to be recorded by tester | G5: =INDEX('Test Cases'!$M$2:$M$15,MATCH(B5,'Test Cases'!$A$2:$A$15,0)) -> NOT EXECUTED | H5: SS03
A6: 5 | B6: TC004 | C6: Search with no-match keyword | D6: zzqxv98765 | E6: No-result state, no error page | F6: =INDEX('Test Cases'!$L$2:$L$15,MATCH(B6,'Test Cases'!$A$2:$A$15,0)) -> Not executed - to be recorded by tester | G6: =INDEX('Test Cases'!$M$2:$M$15,MATCH(B6,'Test Cases'!$A$2:$A$15,0)) -> NOT EXECUTED | H6: SS13
A7: 6 | B7: TC005 | C7: Submit invalid sign-in input | D7: Empty fields / 'abc@' | E7: Validation message displayed | F7: =INDEX('Test Cases'!$L$2:$L$15,MATCH(B7,'Test Cases'!$A$2:$A$15,0)) -> Not executed - to be recorded by tester | G7: =INDEX('Test Cases'!$M$2:$M$15,MATCH(B7,'Test Cases'!$A$2:$A$15,0)) -> NOT EXECUTED | H7: SS09, SS10
A8: 7 | B8: TC009 | C8: Open Practice Problems from homepage | D8: Click 'Practice Problems' | E8: Practice listing opens | F8: =INDEX('Test Cases'!$L$2:$L$15,MATCH(B8,'Test Cases'!$A$2:$A$15,0)) -> Not executed - to be recorded by tester | G8: =INDEX('Test Cases'!$M$2:$M$15,MATCH(B8,'Test Cases'!$A$2:$A$15,0)) -> NOT EXECUTED | H8: SS05, SS11
A9: 8 | B9: TC012 | C9: Filter the practice listing | D9: Topic 'Arrays' + Difficulty | E9: List updates | F9: =INDEX('Test Cases'!$L$2:$L$15,MATCH(B9,'Test Cases'!$A$2:$A$15,0)) -> Not executed - to be recorded by tester | G9: =INDEX('Test Cases'!$M$2:$M$15,MATCH(B9,'Test Cases'!$A$2:$A$15,0)) -> NOT EXECUTED | H9: SS05
A10: 9 | B10: TC010 | C10: Open a problem from the listing | D10: Click any problem | E10: Problem details displayed | F10: =INDEX('Test Cases'!$L$2:$L$15,MATCH(B10,'Test Cases'!$A$2:$A$15,0)) -> Not executed - to be recorded by tester | G10: =INDEX('Test Cases'!$M$2:$M$15,MATCH(B10,'Test Cases'!$A$2:$A$15,0)) -> NOT EXECUTED | H10: SS06, SS11
A11: 10 | B11: TC013 | C11: Locate code editor on problem page | D11: Problem details page | E11: Code editor displayed | F11: =INDEX('Test Cases'!$L$2:$L$15,MATCH(B11,'Test Cases'!$A$2:$A$15,0)) -> Not executed - to be recorded by tester | G11: =INDEX('Test Cases'!$M$2:$M$15,MATCH(B11,'Test Cases'!$A$2:$A$15,0)) -> NOT EXECUTED | H11: SS07
A12: 11 | B12: TC014 | C12: Run simple code in editor | D12: Sample code; click Run | E12: Result displayed or BLOCKED recorded | F12: =INDEX('Test Cases'!$L$2:$L$15,MATCH(B12,'Test Cases'!$A$2:$A$15,0)) -> Not executed - to be recorded by tester | G12: =INDEX('Test Cases'!$M$2:$M$15,MATCH(B12,'Test Cases'!$A$2:$A$15,0)) -> NOT EXECUTED | H12: SS08
A13: 12 | B13: TC006 | C13: Run program - matching outputs | D13: 15 / 15 | E13: Verdict: Accepted | F13: =INDEX('Test Cases'!$L$2:$L$15,MATCH(B13,'Test Cases'!$A$2:$A$15,0)) -> True branch executed; printed 'Verdict: Accepted' and 'Result: All test cases passed' | G13: =INDEX('Test Cases'!$M$2:$M$15,MATCH(B13,'Test Cases'!$A$2:$A$15,0)) -> PASS | H13: Console output; SS12 pending
... A15: 14 | B15: TC008 | C15: Measure coverage over both runs | D15: 15/15 then 15/14 | E15: All statements and branches covered | F15: =INDEX('Test Cases'!$L$2:$L$15,MATCH(B15,'Test Cases'!$A$2:$A$15,0)) -> coverage.py: 7/7 statements, 2/2 branches (100%) for both runs combined; each single-path run gave 67% (true-only misses lines 12-13; false-only misses lines 9-10) | G15: =INDEX('Test Cases'!$M$2:$M$15,MATCH(B15,'Test Cases'!$A$2:$A$15,0)) -> PASS | H15: Console output; SS12 pending

Sheet White Box
A1: Test Case ID | B1: Condition / Statement | C1: Path | D1: Input | E1: Expected Output | F1: Observed | G1: Status
A2: TC006 | B2: if expected_output.strip() == submitted_output.strip() (lines 8-10) | C2: True | D2: 15 / 15 | E2: Verdict: Accepted; Result: All test cases passed | F2: True branch executed; lines 9-10 printed the expected messages | G2: PASS
A3: TC007 | B3: else condition (lines 11-13) | C3: False | D3: 15 / 14 | E3: Verdict: Wrong Answer; Result: Output does not match expected output | F3: Else branch executed; lines 12-13 printed the expected messages | G3: PASS
A4: TC008 | B4: Executable statements (lines 5, 6, 8, 9, 10, 12, 13) | C4: Both paths | D4: 15/15 and 15/14 | E4: 7 of 7 statements and 2 of 2 branches execute | F4: coverage.py: 100% statements and branches combined (true-only run: 67%, lines 12-13 missed; false-only run: 67%, lines 9-10 missed) | G4: PASS
A6: Note 1 | B6: Program under test: gfg_verdict_checker.py - an ORIGINAL illustrative Python program written for this practical. It is NOT GeeksforGeeks production source code (GeeksforGeeks' internal code is not available for inspection).
A7: Note 2 | B7: Observed results come from real runs of the program in Claude's Python 3.12.3 sandbox (inputs piped to the program) and a coverage.py run with branch measurement. The tester should re-run the program locally to capture SS12 (Figure 12).
A8: Note 3 | B8: Coverage result: 7 executable statements, 2 branches. Both paths together = 100% statements and branches; each single-path run = 67% (true-only misses lines 12-13; false-only misses lines 9-10).
A10: Line | B10: Illustrative program: gfg_verdict_checker.py
A11: 1 | B11: # Illustrative Verdict Checker for White-Box Testing
A12: 2 | B12: # NOTE: Original practice code written for this practical.
A13: 3 | B13: # It is NOT GeeksforGeeks production source code.
A14: 4
A15: 5 | B15: expected_output = input("Enter Expected Output: ")
A16: 6 | B16: submitted_output = input("Enter Submitted Output: ")
A17: 7
A18: 8 | B18: if expected_output.strip() == submitted_output.strip():
A19: 9 | B19: print("Verdict: Accepted")
A20: 10 | B20: print("Result: All test cases passed")
A21: 11 | B21: else:
A22: 12 | B22: print("Verdict: Wrong Answer")
A23: 13 | B23: print("Result: Output does not match expected output")

Sheet Summary
A1: Metric | B1: Value
A2: Total Test Cases (unique) | B2: =COUNTA('Test Cases'!$A$2:$A$15) -> 14
A3: Black-Box Test Cases (by technique) | B3: =COUNTIF('Test Cases'!$F$2:$F$15,"Black-Box") -> 11
A4: White-Box Test Cases (by technique) | B4: =COUNTIF('Test Cases'!$F$2:$F$15,"White-Box") -> 3
A5: Unit-level Test Cases (by level) | B5: =COUNTIF('Test Cases'!$E$2:$E$15,"Unit") -> 3
A6: Integration Test Cases (by level) | B6: =COUNTIF('Test Cases'!$E$2:$E$15,"Integration") -> 2
A7: System Test Cases (by level) | B7: =COUNTIF('Test Cases'!$E$2:$E$15,"System") -> 9
A8: Passed | B8: =COUNTIF('Test Cases'!$M$2:$M$15,"PASS") -> 3
A9: Failed | B9: =COUNTIF('Test Cases'!$M$2:$M$15,"FAIL") -> 0
A10: Blocked | B10: =COUNTIF('Test Cases'!$M$2:$M$15,"BLOCKED") -> 0
A11: Not Executed | B11: =COUNTIF('Test Cases'!$M$2:$M$15,"NOT EXECUTED") -> 11
A12: Executed (Passed + Failed) | B12: =B8+B9 -> 3
A13: Execution Progress (Executed / Total) | B13: =IF(B2=0,0,B12/B2) -> 0.21428571
A14: Overall Result | B14: =IF(B9>0,"FAIL",IF(B10+B11>0,"INCOMPLETE - "&B11&" not executed, "&B10&" blocked",IF(B8=B2,"PASS","CHECK STATUS VALUES"))) -> INCOMPLETE - 11 not executed, 0 blocked
A15: Check: Black-Box + White-Box = Total | B15: =IF(B3+B4=B2,"OK","MISMATCH") -> OK
A16: Check: Unit + Integration + System = Total | B16: =IF(B5+B6+B7=B2,"OK","MISMATCH") -> OK
A17: Check: Pass + Fail + Blocked + Not Executed = Total | B17: =IF(B8+B9+B10+B11=B2,"OK","MISMATCH") -> OK
A18: Requirements in RTM | B18: =COUNTA(RTM!$A$2:$A$15) -> 14
A19: RTM requirements with no valid test case | B19: =SUMPRODUCT(--(COUNTIF('Test Cases'!$A$2:$A$15,RTM!$C$2:$C$15)=0)) -> 0
A20: Test cases whose Requirement ID is missing from RTM | B20: =SUMPRODUCT(--(COUNTIF(RTM!$A$2:$A$15,'Test Cases'!$B$2:$B$15)=0)) -> 0
A21: Classification Note | B21: Black-Box/White-Box counts classify by technique; Unit/Integration/System counts classify by test level. The two groups overlap (e.g. TC009 is Integration level and Black-Box technique), so they are never added across groups. The unique total is the Total Test Cases value.
A22: Evidence Note | B22: Only the three White-Box tests (TC006-TC008) have been executed (real program runs). The 11 browser-based tests are planned and show NOT EXECUTED until the tester runs them and updates Status/Actual Result on the Test Cases sheet; Execution, RTM and Summary update automatically.
A23: Scope Note | B23: System testing covers the selected GeeksforGeeks modules listed in this workbook, not every feature of the production website. Live interactive inspection was not performed when this workbook was prepared.

Sheet RTM
A1: Requirement ID | B1: Requirement | C1: Test Case ID(s) | D1: Result
A2: REQ-GFG-HOME-01 | B2: Homepage should load and display main navigation and content sections | C2: TC001 | D2: =INDEX('Test Cases'!$M$2:$M$15,MATCH(C2,'Test Cases'!$A$2:$A$15,0)) -> NOT EXECUTED
A3: REQ-GFG-NAV-01 | B3: Header navigation links should open the corresponding tutorial module | C3: TC002 | D3: =INDEX('Test Cases'!$M$2:$M$15,MATCH(C3,'Test Cases'!$A$2:$A$15,0)) -> NOT EXECUTED
A4: REQ-GFG-SRCH-01 | B4: Search should return relevant results for a valid keyword | C4: TC003 | D4: =INDEX('Test Cases'!$M$2:$M$15,MATCH(C4,'Test Cases'!$A$2:$A$15,0)) -> NOT EXECUTED
A5: REQ-GFG-SRCH-02 | B5: Search should handle a no-match keyword gracefully | C5: TC004 | D5: =INDEX('Test Cases'!$M$2:$M$15,MATCH(C5,'Test Cases'!$A$2:$A$15,0)) -> NOT EXECUTED
A6: REQ-GFG-AUTH-01 | B6: Sign-in should show validation for invalid or empty input | C6: TC005 | D6: =INDEX('Test Cases'!$M$2:$M$15,MATCH(C6,'Test Cases'!$A$2:$A$15,0)) -> NOT EXECUTED
A7: REQ-GFG-WB-01 | B7: True branch should execute when submitted output matches expected output | C7: TC006 | D7: =INDEX('Test Cases'!$M$2:$M$15,MATCH(C7,'Test Cases'!$A$2:$A$15,0)) -> PASS
A8: REQ-GFG-WB-02 | B8: Else branch should execute when submitted output differs | C8: TC007 | D8: =INDEX('Test Cases'!$M$2:$M$15,MATCH(C8,'Test Cases'!$A$2:$A$15,0)) -> PASS
A9: REQ-GFG-WB-03 | B9: Branch-specific statements should execute for each path | C9: TC008 | D9: =INDEX('Test Cases'!$M$2:$M$15,MATCH(C9,'Test Cases'!$A$2:$A$15,0)) -> PASS
A10: REQ-GFG-INT-01 | B10: Homepage navigation should open the Practice Problems module | C10: TC009 | D10: =INDEX('Test Cases'!$M$2:$M$15,MATCH(C10,'Test Cases'!$A$2:$A$15,0)) -> NOT EXECUTED
A11: REQ-GFG-INT-02 | B11: Selecting a problem from the listing should open its details page | C11: TC010 | D11: =INDEX('Test Cases'!$M$2:$M$15,MATCH(C11,'Test Cases'!$A$2:$A$15,0)) -> NOT EXECUTED
A12: REQ-GFG-SYS-01 | B12: Tutorial article should display its content | C12: TC011 | D12: =INDEX('Test Cases'!$M$2:$M$15,MATCH(C12,'Test Cases'!$A$2:$A$15,0)) -> NOT EXECUTED
A13: REQ-GFG-SYS-02 | B13: Practice filters should update the problem list | C13: TC012 | D13: =INDEX('Test Cases'!$M$2:$M$15,MATCH(C13,'Test Cases'!$A$2:$A$15,0)) -> NOT EXECUTED
... A15: REQ-GFG-SYS-04 | B15: Code editor should run code and show a result | C15: TC014 | D15: =INDEX('Test Cases'!$M$2:$M$15,MATCH(C15,'Test Cases'!$A$2:$A$15,0)) -> NOT EXECUTED
