Workbook

Sheet Test Cases
A1: Test Case ID | B1: Requirement ID | C1: Module Name | D1: Feature Under Test | E1: Test Scenario | F1: Test Objective | G1: Test Type | H1: Test Technique | I1: Priority | J1: Severity | K1: Preconditions | L1: Test Data | M1: Expected Result | N1: Actual Result | O1: Status | P1: Executed By | Q1: Execution Date | R1: Automation Recommended | S1: Automation Tool | T1: Screenshot Evidence ID | U1: Evidence Category
A2: TC001 | B2: REQ-GFG-001 | C2: Homepage and Navigation | D2: Homepage load | E2: Open the GeeksforGeeks homepage | F2: Verify the homepage loads with the site title and primary header menu (Courses, Tutorials, Interview Prep). | G2: Regression | H2: Black Box | I2: High | J2: Critical | K2: Internet available; Chrome installed | L2: URL: https://www.geeksforgeeks.org/ | M2: Homepage loads; browser title contains 'GeeksforGeeks'; header shows Courses, Tutorials and Interview Prep menus. | N2: Not executed - no GeeksforGeeks screenshot/recording supplied | O2: =IF(COUNTIFS('Execution Steps'!$B$2:$B$49,A2,'Execution Steps'!$G$2:$G$49,"Fail")>0,"Fail",IF(COUNTIFS('Execution Steps'!$B$2:$B$49,A2,'Execution Steps'!$G$2:$G$49,"Blocked")>0,"Blocked",IF(COUNTIFS('Execution Steps'!$B$2:$B$49,A2,'Execution Steps'!$G$2:$G$49,"Pass")=COUNTIF('Execution Steps'!$B$2:$B$49,A2),"Pass",IF(COUNTIFS('Execution Steps'!$B$2:$B$49,A2,'Execution Steps'!$G$2:$G$49,"Pass")=0,"Not Executed","Partially Executed")))) -> Not Executed | P2: To be filled | Q2: To be filled | R2: Yes | S2: Selenium + Python | T2: S01 | U2: =IF(O2="Not Executed","C - NOT EXECUTED",IF(O2="Blocked","D - BLOCKED","A - VERIFIED (attach evidence "&T2&")")) -> C - NOT EXECUTED
A3: TC002 | B3: REQ-GFG-002 | C3: Homepage and Navigation | D3: Homepage to Courses navigation | E3: Use the homepage Courses 'View All' link | F3: Verify the 'View All' link in the homepage Courses section opens the Courses listing. | G3: Regression | H3: Black Box | I3: High | J3: High | K3: Homepage loaded (TC001) | L3: Click 'View All' under Courses | M3: Browser navigates to the /courses page and the Courses listing is displayed. | N3: Not executed - no GeeksforGeeks screenshot/recording supplied | O3: =IF(COUNTIFS('Execution Steps'!$B$2:$B$49,A3,'Execution Steps'!$G$2:$G$49,"Fail")>0,"Fail",IF(COUNTIFS('Execution Steps'!$B$2:$B$49,A3,'Execution Steps'!$G$2:$G$49,"Blocked")>0,"Blocked",IF(COUNTIFS('Execution Steps'!$B$2:$B$49,A3,'Execution Steps'!$G$2:$G$49,"Pass")=COUNTIF('Execution Steps'!$B$2:$B$49,A3),"Pass",IF(COUNTIFS('Execution Steps'!$B$2:$B$49,A3,'Execution Steps'!$G$2:$G$49,"Pass")=0,"Not Executed","Partially Executed")))) -> Not Executed | P3: To be filled | Q3: To be filled | R3: Yes | S3: Selenium + Python | T3: S01 | U3: =IF(O3="Not Executed","C - NOT EXECUTED",IF(O3="Blocked","D - BLOCKED","A - VERIFIED (attach evidence "&T3&")")) -> C - NOT EXECUTED
A4: TC003 | B4: REQ-GFG-003 | C4: Homepage and Navigation | D4: Footer navigation | E4: Open a footer Company link (e.g., About Us) | F4: Verify a footer link opens its target page without error. | G4: Regression | H4: Black Box | I4: Medium | J4: Medium | K4: Homepage loaded; footer reachable by scrolling | L4: Footer link: About Us | M4: The About Us page opens (HTTP page loads, no error page). | N4: Not executed - no GeeksforGeeks screenshot/recording supplied | O4: =IF(COUNTIFS('Execution Steps'!$B$2:$B$49,A4,'Execution Steps'!$G$2:$G$49,"Fail")>0,"Fail",IF(COUNTIFS('Execution Steps'!$B$2:$B$49,A4,'Execution Steps'!$G$2:$G$49,"Blocked")>0,"Blocked",IF(COUNTIFS('Execution Steps'!$B$2:$B$49,A4,'Execution Steps'!$G$2:$G$49,"Pass")=COUNTIF('Execution Steps'!$B$2:$B$49,A4),"Pass",IF(COUNTIFS('Execution Steps'!$B$2:$B$49,A4,'Execution Steps'!$G$2:$G$49,"Pass")=0,"Not Executed","Partially Executed")))) -> Not Executed | P4: To be filled | Q4: To be filled | R4: Yes | S4: Selenium + Python | T4: S17 | U4: =IF(O4="Not Executed","C - NOT EXECUTED",IF(O4="Blocked","D - BLOCKED","A - VERIFIED (attach evidence "&T4&")")) -> C - NOT EXECUTED
A5: TC004 | B5: REQ-GFG-004 | C5: Search and Tutorial/Article Navigation | D5: Site search - valid keyword | E5: Search for a valid keyword | F5: Verify that a valid search term returns related results. | G5: Functional | H5: Black Box | I5: High | J5: High | K5: Homepage loaded; search control visible | L5: Search term: binary search | M5: Search results/suggestions related to 'binary search' are displayed. | N5: Not executed - no GeeksforGeeks screenshot/recording supplied | O5: =IF(COUNTIFS('Execution Steps'!$B$2:$B$49,A5,'Execution Steps'!$G$2:$G$49,"Fail")>0,"Fail",IF(COUNTIFS('Execution Steps'!$B$2:$B$49,A5,'Execution Steps'!$G$2:$G$49,"Blocked")>0,"Blocked",IF(COUNTIFS('Execution Steps'!$B$2:$B$49,A5,'Execution Steps'!$G$2:$G$49,"Pass")=COUNTIF('Execution Steps'!$B$2:$B$49,A5),"Pass",IF(COUNTIFS('Execution Steps'!$B$2:$B$49,A5,'Execution Steps'!$G$2:$G$49,"Pass")=0,"Not Executed","Partially Executed")))) -> Not Executed | P5: To be filled | Q5: To be filled | R5: Yes | S5: Selenium + Python | T5: S02 | U5: =IF(O5="Not Executed","C - NOT EXECUTED",IF(O5="Blocked","D - BLOCKED","A - VERIFIED (attach evidence "&T5&")")) -> C - NOT EXECUTED
A6: TC005 | B6: REQ-GFG-004 | C6: Search and Tutorial/Article Navigation | D6: Site search - empty input (negative) | E6: Submit an empty search | F6: Verify the application handles empty search input gracefully. | G6: Negative | H6: Black Box (Boundary) | I6: Medium | J6: Medium | K6: Search control visible | L6: Search term: (empty) | M6: No crash or error page; the user stays on a usable page and no irrelevant results are shown. | N6: Not executed - no GeeksforGeeks screenshot/recording supplied | O6: =IF(COUNTIFS('Execution Steps'!$B$2:$B$49,A6,'Execution Steps'!$G$2:$G$49,"Fail")>0,"Fail",IF(COUNTIFS('Execution Steps'!$B$2:$B$49,A6,'Execution Steps'!$G$2:$G$49,"Blocked")>0,"Blocked",IF(COUNTIFS('Execution Steps'!$B$2:$B$49,A6,'Execution Steps'!$G$2:$G$49,"Pass")=COUNTIF('Execution Steps'!$B$2:$B$49,A6),"Pass",IF(COUNTIFS('Execution Steps'!$B$2:$B$49,A6,'Execution Steps'!$G$2:$G$49,"Pass")=0,"Not Executed","Partially Executed")))) -> Not Executed | P6: To be filled | Q6: To be filled | R6: Yes | S6: Selenium + Python | T6: S13 | U6: =IF(O6="Not Executed","C - NOT EXECUTED",IF(O6="Blocked","D - BLOCKED","A - VERIFIED (attach evidence "&T6&")")) -> C - NOT EXECUTED
A7: TC006 | B7: REQ-GFG-004 | C7: Search and Tutorial/Article Navigation | D7: Site search - no-match input (negative) | E7: Search for a meaningless string | F7: Verify a no-match search is handled with an empty-state/no-result response. | G7: Negative | H7: Black Box (Equivalence) | I7: Medium | J7: Medium | K7: Search control visible | L7: Search term: zzqxv9873!! | M7: No-results/empty state is shown without an error page. | N7: Not executed - no GeeksforGeeks screenshot/recording supplied | O7: =IF(COUNTIFS('Execution Steps'!$B$2:$B$49,A7,'Execution Steps'!$G$2:$G$49,"Fail")>0,"Fail",IF(COUNTIFS('Execution Steps'!$B$2:$B$49,A7,'Execution Steps'!$G$2:$G$49,"Blocked")>0,"Blocked",IF(COUNTIFS('Execution Steps'!$B$2:$B$49,A7,'Execution Steps'!$G$2:$G$49,"Pass")=COUNTIF('Execution Steps'!$B$2:$B$49,A7),"Pass",IF(COUNTIFS('Execution Steps'!$B$2:$B$49,A7,'Execution Steps'!$G$2:$G$49,"Pass")=0,"Not Executed","Partially Executed")))) -> Not Executed | P7: To be filled | Q7: To be filled | R7: Yes | S7: Selenium + Python | T7: S14 | U7: =IF(O7="Not Executed","C - NOT EXECUTED",IF(O7="Blocked","D - BLOCKED","A - VERIFIED (attach evidence "&T7&")")) -> C - NOT EXECUTED
A8: TC007 | B8: REQ-GFG-005 | C8: Search and Tutorial/Article Navigation | D8: Tutorial/article loading | E8: Open the DSA Tutorial article | F8: Verify a tutorial article loads with its title, last-updated line and content sections. | G8: Regression | H8: Black Box | I8: High | J8: High | K8: Internet available | L8: URL: /dsa/dsa-tutorial-learn-data-structures-and-algorithms/ | M8: Page titled 'DSA Tutorial' loads with a 'Last Updated' line and topic sections (e.g., Searching, Sorting). | N8: Not executed - no GeeksforGeeks screenshot/recording supplied | O8: =IF(COUNTIFS('Execution Steps'!$B$2:$B$49,A8,'Execution Steps'!$G$2:$G$49,"Fail")>0,"Fail",IF(COUNTIFS('Execution Steps'!$B$2:$B$49,A8,'Execution Steps'!$G$2:$G$49,"Blocked")>0,"Blocked",IF(COUNTIFS('Execution Steps'!$B$2:$B$49,A8,'Execution Steps'!$G$2:$G$49,"Pass")=COUNTIF('Execution Steps'!$B$2:$B$49,A8),"Pass",IF(COUNTIFS('Execution Steps'!$B$2:$B$49,A8,'Execution Steps'!$G$2:$G$49,"Pass")=0,"Not Executed","Partially Executed")))) -> Not Executed | P8: To be filled | Q8: To be filled | R8: Yes | S8: Selenium + Python | T8: S03 | U8: =IF(O8="Not Executed","C - NOT EXECUTED",IF(O8="Blocked","D - BLOCKED","A - VERIFIED (attach evidence "&T8&")")) -> C - NOT EXECUTED
A9: TC008 | B9: REQ-GFG-005 | C9: Search and Tutorial/Article Navigation | D9: Article internal navigation | E9: Follow an internal topic link and return | F9: Verify an internal tutorial link opens a related article and Back returns to the tutorial. | G9: Regression | H9: Black Box | I9: Medium | J9: Medium | K9: DSA Tutorial open (TC007) | L9: Click the 'Searching' theory link, then browser Back | M9: Related article opens; Back returns to the DSA Tutorial page. | N9: Not executed - no GeeksforGeeks screenshot/recording supplied | O9: =IF(COUNTIFS('Execution Steps'!$B$2:$B$49,A9,'Execution Steps'!$G$2:$G$49,"Fail")>0,"Fail",IF(COUNTIFS('Execution Steps'!$B$2:$B$49,A9,'Execution Steps'!$G$2:$G$49,"Blocked")>0,"Blocked",IF(COUNTIFS('Execution Steps'!$B$2:$B$49,A9,'Execution Steps'!$G$2:$G$49,"Pass")=COUNTIF('Execution Steps'!$B$2:$B$49,A9),"Pass",IF(COUNTIFS('Execution Steps'!$B$2:$B$49,A9,'Execution Steps'!$G$2:$G$49,"Pass")=0,"Not Executed","Partially Executed")))) -> Not Executed | P9: To be filled | Q9: To be filled | R9: Yes | S9: Selenium + Python | T9: S03 | U9: =IF(O9="Not Executed","C - NOT EXECUTED",IF(O9="Blocked","D - BLOCKED","A - VERIFIED (attach evidence "&T9&")")) -> C - NOT EXECUTED
A10: TC009 | B10: REQ-GFG-006 | C10: Coding Practice / Problem Details | D10: Practice problems list | E10: Open the Practice (Explore & Practice) page | F10: Verify the practice list page loads with its filters. | G10: Regression | H10: Black Box | I10: High | J10: High | K10: Internet available | L10: URL: /explore | M10: 'Explore & Practice' page loads showing a problem list with Topic, Difficulty, Company and Sort controls. | N10: Not executed - no GeeksforGeeks screenshot/recording supplied | O10: =IF(COUNTIFS('Execution Steps'!$B$2:$B$49,A10,'Execution Steps'!$G$2:$G$49,"Fail")>0,"Fail",IF(COUNTIFS('Execution Steps'!$B$2:$B$49,A10,'Execution Steps'!$G$2:$G$49,"Blocked")>0,"Blocked",IF(COUNTIFS('Execution Steps'!$B$2:$B$49,A10,'Execution Steps'!$G$2:$G$49,"Pass")=COUNTIF('Execution Steps'!$B$2:$B$49,A10),"Pass",IF(COUNTIFS('Execution Steps'!$B$2:$B$49,A10,'Execution Steps'!$G$2:$G$49,"Pass")=0,"Not Executed","Partially Executed")))) -> Not Executed | P10: To be filled | Q10: To be filled | R10: Yes | S10: Selenium + Python | T10: S04 | U10: =IF(O10="Not Executed","C - NOT EXECUTED",IF(O10="Blocked","D - BLOCKED","A - VERIFIED (attach evidence "&T10&")")) -> C - NOT EXECUTED
A11: TC010 | B11: REQ-GFG-006 | C11: Coding Practice / Problem Details | D11: Practice topic filter | E11: Apply a topic filter (Arrays) | F11: Verify selecting a topic updates the problem list. | G11: Functional | H11: Black Box | I11: Medium | J11: Medium | K11: Practice page loaded (TC009) | L11: Topic: Arrays | M11: List is limited to problems tagged with the selected topic. | N11: Not executed - no GeeksforGeeks screenshot/recording supplied | O11: =IF(COUNTIFS('Execution Steps'!$B$2:$B$49,A11,'Execution Steps'!$G$2:$G$49,"Fail")>0,"Fail",IF(COUNTIFS('Execution Steps'!$B$2:$B$49,A11,'Execution Steps'!$G$2:$G$49,"Blocked")>0,"Blocked",IF(COUNTIFS('Execution Steps'!$B$2:$B$49,A11,'Execution Steps'!$G$2:$G$49,"Pass")=COUNTIF('Execution Steps'!$B$2:$B$49,A11),"Pass",IF(COUNTIFS('Execution Steps'!$B$2:$B$49,A11,'Execution Steps'!$G$2:$G$49,"Pass")=0,"Not Executed","Partially Executed")))) -> Not Executed | P11: To be filled | Q11: To be filled | R11: Yes | S11: Selenium + Python | T11: S04 | U11: =IF(O11="Not Executed","C - NOT EXECUTED",IF(O11="Blocked","D - BLOCKED","A - VERIFIED (attach evidence "&T11&")")) -> C - NOT EXECUTED
A12: TC011 | B12: REQ-GFG-007 | C12: Coding Practice / Problem Details | D12: Problem details page | E12: Open a problem from the list | F12: Verify the problem details page shows the statement and an editor area. | G12: Regression | H12: Black Box | I12: High | J12: High | K12: Practice list loaded | L12: Any listed problem | M12: Problem page opens with title, statement/examples and a code-editor area (login prompt acceptable where required). | N12: Not executed - no GeeksforGeeks screenshot/recording supplied | O12: =IF(COUNTIFS('Execution Steps'!$B$2:$B$49,A12,'Execution Steps'!$G$2:$G$49,"Fail")>0,"Fail",IF(COUNTIFS('Execution Steps'!$B$2:$B$49,A12,'Execution Steps'!$G$2:$G$49,"Blocked")>0,"Blocked",IF(COUNTIFS('Execution Steps'!$B$2:$B$49,A12,'Execution Steps'!$G$2:$G$49,"Pass")=COUNTIF('Execution Steps'!$B$2:$B$49,A12),"Pass",IF(COUNTIFS('Execution Steps'!$B$2:$B$49,A12,'Execution Steps'!$G$2:$G$49,"Pass")=0,"Not Executed","Partially Executed")))) -> Not Executed | P12: To be filled | Q12: To be filled | R12: Partial | S12: Selenium (page load only) | T12: S05 | U12: =IF(O12="Not Executed","C - NOT EXECUTED",IF(O12="Blocked","D - BLOCKED","A - VERIFIED (attach evidence "&T12&")")) -> C - NOT EXECUTED
A13: TC012 | B13: REQ-GFG-007 | C13: Coding Practice / Problem Details | D13: Code run / submit | E13: Run a sample solution in the code editor | F13: Verify code can be run or that a login prompt is shown when sign-in is required. | G13: Functional | H13: Black Box | I13: Medium | J13: High | K13: Problem page open; account may be required | L13: Short sample solution in your own code | M13: Output/verdict is displayed, or the site asks the user to sign in first. | N13: Not executed - no GeeksforGeeks screenshot/recording supplied | O13: =IF(COUNTIFS('Execution Steps'!$B$2:$B$49,A13,'Execution Steps'!$G$2:$G$49,"Fail")>0,"Fail",IF(COUNTIFS('Execution Steps'!$B$2:$B$49,A13,'Execution Steps'!$G$2:$G$49,"Blocked")>0,"Blocked",IF(COUNTIFS('Execution Steps'!$B$2:$B$49,A13,'Execution Steps'!$G$2:$G$49,"Pass")=COUNTIF('Execution Steps'!$B$2:$B$49,A13),"Pass",IF(COUNTIFS('Execution Steps'!$B$2:$B$49,A13,'Execution Steps'!$G$2:$G$49,"Pass")=0,"Not Executed","Partially Executed")))) -> Not Executed | P13: To be filled | Q13: To be filled | R13: No | S13: Manual | T13: S06 | U13: =IF(O13="Not Executed","C - NOT EXECUTED",IF(O13="Blocked","D - BLOCKED","A - VERIFIED (attach evidence "&T13&")")) -> C - NOT EXECUTED
... A22: TC021 | B22: REQ-GFG-012 | C22: Login / Profile / Logout | D22: Logout | E22: Sign out and verify logged-out state | F22: Verify sign-out ends the session. | G22: Regression | H22: Black Box | I22: High | J22: Critical | K22: Signed in (TC019) | L22: Use the site's sign-out control | M22: User returns to a logged-out state; sign-in option is shown again. | N22: Not executed - no GeeksforGeeks screenshot/recording supplied | O22: =IF(COUNTIFS('Execution Steps'!$B$2:$B$49,A22,'Execution Steps'!$G$2:$G$49,"Fail")>0,"Fail",IF(COUNTIFS('Execution Steps'!$B$2:$B$49,A22,'Execution Steps'!$G$2:$G$49,"Blocked")>0,"Blocked",IF(COUNTIFS('Execution Steps'!$B$2:$B$49,A22,'Execution Steps'!$G$2:$G$49,"Pass")=COUNTIF('Execution Steps'!$B$2:$B$49,A22),"Pass",IF(COUNTIFS('Execution Steps'!$B$2:$B$49,A22,'Execution Steps'!$G$2:$G$49,"Pass")=0,"Not Executed","Partially Executed")))) -> Not Executed | P22: To be filled | Q22: To be filled | R22: No | S22: Manual | T22: S12 | U22: =IF(O22="Not Executed","C - NOT EXECUTED",IF(O22="Blocked","D - BLOCKED","A - VERIFIED (attach evidence "&T22&")")) -> C - NOT EXECUTED

Sheet Regression Suite
A1: Regression Test ID | B1: Related Test Case ID | C1: Module | D1: Scenario | E1: Expected Result | F1: Actual Result | G1: Status | H1: Evidence ID
A2: RT001 | B2: TC001 | C2: Homepage and Navigation | D2: Open homepage and verify header menu | E2: Homepage loads with Courses, Tutorials and Interview Prep menus. | F2: Not executed - no GeeksforGeeks screenshot/recording supplied | G2: =INDEX('Test Cases'!$O$2:$O$22,MATCH(B2,'Test Cases'!$A$2:$A$22,0)) -> Not Executed | H2: S01
A3: RT002 | B3: TC002 | C3: Homepage and Navigation | D3: Homepage Courses 'View All' navigation | E3: Courses listing is displayed. | F3: Not executed - no GeeksforGeeks screenshot/recording supplied | G3: =INDEX('Test Cases'!$O$2:$O$22,MATCH(B3,'Test Cases'!$A$2:$A$22,0)) -> Not Executed | H3: S01
A4: RT003 | B4: TC004 | C4: Search and Tutorial/Article Navigation | D4: Search a valid keyword | E4: Related search results are displayed. | F4: Not executed - no GeeksforGeeks screenshot/recording supplied | G4: =INDEX('Test Cases'!$O$2:$O$22,MATCH(B4,'Test Cases'!$A$2:$A$22,0)) -> Not Executed | H4: S02
A5: RT004 | B5: TC006 | C5: Search and Tutorial/Article Navigation | D5: Search a no-match string | E5: No-results state without error page. | F5: Not executed - no GeeksforGeeks screenshot/recording supplied | G5: =INDEX('Test Cases'!$O$2:$O$22,MATCH(B5,'Test Cases'!$A$2:$A$22,0)) -> Not Executed | H5: S14
A6: RT005 | B6: TC007 | C6: Search and Tutorial/Article Navigation | D6: Open DSA Tutorial article | E6: Article loads with title, last-updated line and sections. | F6: Not executed - no GeeksforGeeks screenshot/recording supplied | G6: =INDEX('Test Cases'!$O$2:$O$22,MATCH(B6,'Test Cases'!$A$2:$A$22,0)) -> Not Executed | H6: S03
A7: RT006 | B7: TC009 | C7: Coding Practice / Problem Details | D7: Open Practice problem list | E7: Problem list and filters are displayed. | F7: Not executed - no GeeksforGeeks screenshot/recording supplied | G7: =INDEX('Test Cases'!$O$2:$O$22,MATCH(B7,'Test Cases'!$A$2:$A$22,0)) -> Not Executed | H7: S04
A8: RT007 | B8: TC011 | C8: Coding Practice / Problem Details | D8: Open a problem details page | E8: Problem statement and editor area are displayed. | F8: Not executed - no GeeksforGeeks screenshot/recording supplied | G8: =INDEX('Test Cases'!$O$2:$O$22,MATCH(B8,'Test Cases'!$A$2:$A$22,0)) -> Not Executed | H8: S05
A9: RT008 | B9: TC013 | C9: Courses Listing / Course Details | D9: Open Courses listing | E9: Courses sections and course cards are displayed. | F9: Not executed - no GeeksforGeeks screenshot/recording supplied | G9: =INDEX('Test Cases'!$O$2:$O$22,MATCH(B9,'Test Cases'!$A$2:$A$22,0)) -> Not Executed | H9: S07
A10: RT009 | B10: TC015 | C10: Courses Listing / Course Details | D10: Open a course details page | E10: Course details page loads with title/description. | F10: Not executed - no GeeksforGeeks screenshot/recording supplied | G10: =INDEX('Test Cases'!$O$2:$O$22,MATCH(B10,'Test Cases'!$A$2:$A$22,0)) -> Not Executed | H10: S08
A11: RT010 | B11: TC017 | C11: Login / Profile / Logout | D11: Open sign-in screen | E11: Sign-in screen is displayed. | F11: Not executed - no GeeksforGeeks screenshot/recording supplied | G11: =INDEX('Test Cases'!$O$2:$O$22,MATCH(B11,'Test Cases'!$A$2:$A$22,0)) -> Not Executed | H11: S09
A12: RT011 | B12: TC021 | C12: Login / Profile / Logout | D12: Logout from a signed-in session | E12: User returns to logged-out state. | F12: Not executed - no GeeksforGeeks screenshot/recording supplied | G12: =INDEX('Test Cases'!$O$2:$O$22,MATCH(B12,'Test Cases'!$A$2:$A$22,0)) -> Not Executed | H12: S12

Sheet Automation Candidates
A1: Module | B1: Criticality | C1: Frequency of Use | D1: Frequently Changed | E1: Repetitive | F1: Stable | G1: Security / Auth Restriction | H1: Automation Recommended | I1: Reason | J1: Tool
A2: Homepage and Navigation | B2: Yes | C2: Very High | D2: Yes (promotional content) | E2: Yes | F2: Partly | G2: None (public pages) | H2: Yes | I2: Structure (title, menus, links) is repetitive; assert structure only, not banners/offers that change. | J2: Selenium WebDriver + Python
A3: Search and Tutorial/Article Navigation | B3: Yes | C3: Very High | D3: Partly (article text updates) | E3: Yes | F3: Yes (structure) | G3: None (public pages) | H3: Yes | I3: Repeated search and article-open checks; assert non-empty results/headings, not result ranking or article text. | J3: Selenium WebDriver + Python
A4: Coding Practice / Problem Details | B4: Yes | C4: High | D4: Yes (counts, UI) | E4: Yes | F4: Partly | G4: Sign-in may be required to run/submit code | H4: Partial | I4: Automate list, filter and problem-page load; keep code run/submit manual (sign-in, judge, abuse limits). | J4: Selenium (load checks) + Manual
A5: Courses Listing / Course Details | B5: Yes | C5: Medium | D5: Yes (prices, offers, seats) | E5: Yes | F5: Partly | G5: None to browse; payment out of scope | H5: Yes | I5: Repeatable listing/detail checks; assert structure, never prices/seat counts; no enrolment or payment. | J5: Selenium WebDriver + Python
A6: Login / Profile / Logout | B6: Yes | C6: High | D6: No | E6: Yes | F6: Yes | G6: CAPTCHA/OTP/credentials | H6: Partial | I6: Keep credentialed login, profile and logout manual; only sign-in screen render may be scripted. | J6: Manual + Selenium (render check)

Sheet Execution Steps
A1: Step No. | B1: Test Case | C1: Test Step | D1: Input | E1: Expected Result | F1: Actual Result | G1: Status | H1: Evidence ID
A2: 1 | B2: TC001 | C2: Launch Chrome and open the GeeksforGeeks URL | D2: https://www.geeksforgeeks.org/ | E2: Homepage loads | F2: Not executed - no GeeksforGeeks screenshot/recording supplied | G2: Not Executed | H2: S01
A3: 2 | B3: TC001 | C3: Check the browser tab title | D3: - | E3: Title contains 'GeeksforGeeks' | F3: Not executed - no GeeksforGeeks screenshot/recording supplied | G3: Not Executed | H3: S01
A4: 3 | B4: TC001 | C4: Check the header menu | D4: - | E4: Courses, Tutorials, Interview Prep visible | F4: Not executed - no GeeksforGeeks screenshot/recording supplied | G4: Not Executed | H4: S01
A5: 1 | B5: TC002 | C5: Scroll to the Courses section | D5: - | E5: Courses section visible | F5: Not executed - no GeeksforGeeks screenshot/recording supplied | G5: Not Executed | H5: S01
A6: 2 | B6: TC002 | C6: Click 'View All' | D6: Click View All | E6: Courses listing (/courses) opens | F6: Not executed - no GeeksforGeeks screenshot/recording supplied | G6: Not Executed | H6: S01
A7: 1 | B7: TC003 | C7: Scroll to the footer | D7: - | E7: Footer Company links visible | F7: Not executed - no GeeksforGeeks screenshot/recording supplied | G7: Not Executed | H7: S17
A8: 2 | B8: TC003 | C8: Click 'About Us' | D8: Click About Us | E8: About Us page opens without error | F8: Not executed - no GeeksforGeeks screenshot/recording supplied | G8: Not Executed | H8: S17
A9: 1 | B9: TC004 | C9: Activate the search control | D9: Click search icon | E9: Search input is available | F9: Not executed - no GeeksforGeeks screenshot/recording supplied | G9: Not Executed | H9: S02
A10: 2 | B10: TC004 | C10: Enter the keyword and submit | D10: binary search | E10: Related results/suggestions displayed | F10: Not executed - no GeeksforGeeks screenshot/recording supplied | G10: Not Executed | H10: S02
A11: 1 | B11: TC005 | C11: Activate the search control | D11: Click search icon | E11: Search input is available | F11: Not executed - no GeeksforGeeks screenshot/recording supplied | G11: Not Executed | H11: S13
A12: 2 | B12: TC005 | C12: Submit without typing | D12: (empty) | E12: No error page; usable page remains | F12: Not executed - no GeeksforGeeks screenshot/recording supplied | G12: Not Executed | H12: S13
A13: 1 | B13: TC006 | C13: Activate the search control | D13: Click search icon | E13: Search input is available | F13: Not executed - no GeeksforGeeks screenshot/recording supplied | G13: Not Executed | H13: S14
... A49: 2 | B49: TC021 | C49: Verify logged-out state | D49: - | E49: Sign-in option displayed again | F49: Not executed - no GeeksforGeeks screenshot/recording supplied | G49: Not Executed | H49: S12

Sheet Summary
A1: Metric | B1: Value | C1: Basis / Notes
A2: Total modules analyzed | B2: =COUNTA('Automation Candidates'!$A$2:$A$6) -> 5 | C2: Count of modules on Automation Candidates
A3: Total detailed test cases | B3: =COUNTA('Test Cases'!$A$2:$A$22) -> 21 | C3: Count of TC IDs
A4: Total regression test cases | B4: =COUNTA('Regression Suite'!$A$2:$A$12) -> 11 | C4: Count of RT IDs
A5: Passed tests (detailed) | B5: =COUNTIF('Test Cases'!$O$2:$O$22,"Pass") -> 0 | C5: Derived from Execution Steps statuses
A6: Failed tests (detailed) | B6: =COUNTIF('Test Cases'!$O$2:$O$22,"Fail") -> 0
A7: Not Executed tests (detailed) | B7: =COUNTIF('Test Cases'!$O$2:$O$22,"Not Executed") -> 21 | C7: Never counted as Passed
A8: Blocked tests (detailed) | B8: =COUNTIF('Test Cases'!$O$2:$O$22,"Blocked") -> 0 | C8: Genuine obstacle only
A9: Partially Executed tests (detailed) | B9: =COUNTIF('Test Cases'!$O$2:$O$22,"Partially Executed") -> 0 | C9: Some steps done, not all
A10: Reconciliation check (detailed) | B10: =IF(B5+B6+B7+B8+B9=B3,"OK - totals reconcile","MISMATCH - review statuses") -> OK - totals reconcile | C10: Pass+Fail+Not Executed+Blocked+Partial = Total
A11: Regression - Passed | B11: =COUNTIF('Regression Suite'!$G$2:$G$12,"Pass") -> 0 | C11: Status inherited from linked test case
A12: Regression - Failed | B12: =COUNTIF('Regression Suite'!$G$2:$G$12,"Fail") -> 0
A13: Regression - Not Executed | B13: =COUNTIF('Regression Suite'!$G$2:$G$12,"Not Executed") -> 11
A14: Regression - Blocked / Partially Executed | B14: =COUNTIF('Regression Suite'!$G$2:$G$12,"Blocked")+COUNTIF('Regression Suite'!$G$2:$G$12,"Partially Executed") -> 0
A15: Reconciliation check (regression) | B15: =IF(B11+B12+B13+B14=B4,"OK - totals reconcile","MISMATCH - review statuses") -> OK - totals reconcile
A16: Verified pass rate (executed tests only) | B16: =IF(B5+B6=0,"N/A - no executed tests",B5/(B5+B6)) -> N/A - no executed tests | C16: Not Executed excluded from denominator
A17: Assumed / Illustrative results included | B17: 0 | C17: None. No assumed outcomes were requested, so none exist in this workbook.
A18: Automation candidates (Yes + Partial) | B18: =COUNTIF('Automation Candidates'!$H$2:$H$6,"Yes")+COUNTIF('Automation Candidates'!$H$2:$H$6,"Partial") -> 5 | C18: Modules where Selenium is justified at least in part
A19: Fully automatable modules | B19: =COUNTIF('Automation Candidates'!$H$2:$H$6,"Yes") -> 3
A20: Modules excluded from full automation | B20: =COUNTIF('Automation Candidates'!$H$2:$H$6,"Partial")+COUNTIF('Automation Candidates'!$H$2:$H$6,"No") -> 2 | C20: Coding Practice (code run/submit) and Login/Profile/Logout (CAPTCHA/OTP/credentials)
A21: Screenshots supplied | B21: =COUNTIF('Evidence Register'!$H$2:$H$18,"Supplied") -> 0 | C21: Evidence Register
A22: Screenshots pending | B22: =COUNTIF('Evidence Register'!$H$2:$H$18,"Pending") -> 17 | C22: Evidence Register
A23: Recommended tool | B23: Selenium WebDriver with Python (+ pytest)
A24: Overall recommendation | B24: Automate stable, public, repetitive UI checks (homepage/navigation, search and article navigation, practice list/problem-page load, courses listing/details). Keep CAPTCHA, OTP, credentialed login/profile/logout and code submission manual. Execution of all test cases is pending.

Sheet Evidence Register
A1: Evidence ID | B1: Figure No. | C1: Caption | D1: Related Test ID | E1: Related Regression ID | F1: What to Capture | G1: Report Location | H1: Status | I1: File Name / Notes
A2: S01 | B2: Figure 1 | C2: GeeksforGeeks homepage | D2: TC001, TC002 | E2: RT001, RT002 | F2: Full homepage with header menu and Courses section | G2: Section 20 | H2: Pending | I2: No screenshot supplied yet
A3: S02 | B3: Figure 2 | C3: Search results for 'binary search' | D3: TC004 | E3: RT003 | F3: Search input and results/suggestions | G3: Section 20 | H3: Pending | I3: No screenshot supplied yet
A4: S03 | B4: Figure 3 | C4: DSA Tutorial article | D4: TC007, TC008 | E4: RT005 | F4: Article title, Last Updated line, sections | G4: Section 20 | H4: Pending | I4: No screenshot supplied yet
A5: S04 | B5: Figure 4 | C5: Practice problems list | D5: TC009, TC010 | E5: RT006 | F5: Explore & Practice list with filters (and Arrays filter applied) | G5: Section 20 | H5: Pending | I5: No screenshot supplied yet
A6: S05 | B6: Figure 5 | C6: Problem details page | D6: TC011 | E6: RT007 | F6: Problem statement and editor area | G6: Section 20 | H6: Pending | I6: No screenshot supplied yet
A7: S06 | B7: Figure 6 | C7: Code editor and run result (only if executed) | D7: TC012 | E7: - | F7: Editor with sample code and the output/login prompt | G7: Section 20 | H7: Pending | I7: No screenshot supplied yet
A8: S07 | B8: Figure 7 | C8: Courses listing | D8: TC013, TC014 | E8: RT008 | F8: Courses page sections (and GATE category page) | G8: Section 20 | H8: Pending | I8: No screenshot supplied yet
A9: S08 | B9: Figure 8 | C9: Course details page | D9: TC015 | E9: RT009 | F9: Course title and description | G9: Section 20 | H9: Pending | I9: No screenshot supplied yet
A10: S09 | B10: Figure 9 | C10: Sign-in screen | D10: TC017 | E10: RT010 | F10: Sign-in form/options | G10: Section 20 | H10: Pending | I10: No screenshot supplied yet
A11: S10 | B11: Figure 10 | C11: Actual login/verification outcome | D11: TC019 | E11: - | F11: Result after sign-in (hide personal data) | G11: Section 20 | H11: Pending | I11: No screenshot supplied yet
A12: S11 | B12: Figure 11 | C12: Profile/account page | D12: TC020 | E12: - | F12: Profile page (hide personal data) | G12: Section 20 | H12: Pending | I12: No screenshot supplied yet
... A18: S17 | B18: Figure 17 | C18: Footer page - About Us (additional) | D18: TC003 | E18: - | F18: Destination page of the footer link | G18: Section 20 | H18: Pending | I18: No screenshot supplied yet

Sheet Availability Check
A1: Module | B1: URL Checked | C1: Observation (page-content retrieval, 30/10/2026) | D1: Evidence Category
A2: Homepage and Navigation | B2: https://www.geeksforgeeks.org/ | C2: Title 'GeeksforGeeks | Your All-in-One Learning Portal'; header menus Courses, Tutorials, Interview Prep; search icon; Courses section with 'View All'; footer Company links. | D2: A - Verified (page-content retrieval, not a UI test)
A3: Search and Tutorial/Article Navigation | B3: https://www.geeksforgeeks.org/dsa/dsa-tutorial-learn-data-structures-and-algorithms/ | C3: 'DSA Tutorial' page with a 'Last Updated' line and topic sections incl. Searching and Sorting. Search results page behaviour not checked. | D3: A - Verified (article page only); search not verified
A4: Coding Practice / Problem Details | B4: https://www.geeksforgeeks.org/explore | C4: 'Explore & Practice' page with problem list and Topic, Difficulty, Company, Sort controls; topic list includes Arrays. Problem-detail/editor not checked. | D4: A - Verified (list page only); detail/editor not verified
A5: Courses Listing / Course Details | B5: https://www.geeksforgeeks.org/courses | C5: 'GeeksforGeeks Courses' page with Popular Now, Course Categories, Live Courses; category links incl. GATE. Course detail page not opened. | D5: A - Verified (listing page only); detail not verified
A6: Login / Profile / Logout | B6: - | C6: Sign-in/profile/logout controls were not visible in the retrieved page content (likely rendered by the browser). Availability must be confirmed manually. | D6: C - Not confirmed

Sheet Legend
A1: Item | B1: Description
A2: Status values | B2: Pass / Fail / Not Executed / Blocked / Partially Executed
A3: How status works | B3: Enter step results in 'Execution Steps' (yellow cells). Test Case, Regression and Summary statuses recalculate automatically.
A4: Yellow cells | B4: Fields to be filled by the student (Executed By, Execution Date, step Status, Evidence Status).
A5: Evidence categories | B5: A Verified / B Assumed-Illustrative / C Not Executed / D Blocked. No B rows exist in this workbook.
A6: Availability Check sheet | B6: Records what could be seen in retrieved page content. It is NOT a test result and does not change any status.
A7: Reference file notes | B7: The CricHeroes workbook used 'Pass*', 'No*' and hard-coded summary values and marked TC001 Pass while its Step 4 was Not Executed. These are not repeated here.
